<?xml version="1.0" encoding="UTF-8"?>
<!DOCTYPE struts PUBLIC
   "-//Apache Software Foundation//DTD Struts Configuration 2.5//EN"
   "https://struts.apache.org/dtds/struts-2.5.dtd">

<struts>
	<constant value="true" name="struts.devMode" />
	<package name="upload" extends="struts-default">
	
		<action name="*">
		<result>Login.jsp</result>
		</action>
		
		<action name="loginoffice" class="com.login.action.LoginAction" method="login">
			

			<result name="A">AdminLoginHome.jsp</result>
			<result name="E">EmployeeLoginHome.jsp</result>
				<result name="input">/Login.jsp</result>
			<result name="invalid">/Login.jsp</result>
			
		</action>
	 <action name="Logout" class="com.login.action.LoginAction" method="logout">
				<result name="success">Login.jsp</result>
		</action>  
		

	</package>

</struts>