<?xml version="1.0" encoding="UTF-8"?>

<!DOCTYPE struts PUBLIC
   "-//Apache Software Foundation//DTD Struts Configuration 2.5//EN"
   "https://struts.apache.org/dtds/struts-2.5.dtd">

<struts>
	<constant value="true" name="struts.devMode" />
	<package name="default" extends="struts-default">
		<action name="*">
			<result>EmployeeLoginCreation.jsp</result>
		</action>

		<action name="addEmpLog"
			class="com.employeeusername.action.EmpLogCreateAction"
			method="addPage">
			<result name="success">EmployeeLoginCreation.jsp</result>

		</action>

		<action name="viewUnamePass"
			class="com.employeeusername.action.EmpLogCreateAction"
			method="viewUnamePass">
			<result name="success">viewUnamePass.jsp</result>
		</action>

		<action name="deleteLog"
			class="com.employeeusername.action.EmpLogCreateAction"
			method="deleteLog">
			<result name="success" type="redirectAction">

				<param name="actionName">viewUnamePass</param>
				<param name="actionMessages">${model.actionMessages}</param>
			</result>
			
			<result name="error">index.jsp</result>
		</action>

		<action name="editLog"
			class="com.employeeusername.action.EmpLogCreateAction"
			method="editPage">
			<result name="success">EmployeeLoginCreation.jsp</result>
		</action>

		<action name="actionlog"
			class="com.employeeusername.action.EmpLogCreateAction"
			method="actionLog">
			<result name="success" type="redirectAction">

				<param name="actionName">viewUnamePass</param>
				<param name="actionMessages">${model.actionMessages}</param>
			</result>
			<result name="input">EmployeeLoginCreation.jsp</result>

		</action>
	</package>

</struts>