<?xml version="1.0" encoding="UTF-8"?>

<!DOCTYPE struts PUBLIC
   "-//Apache Software Foundation//DTD Struts Configuration 2.5//EN"
   "https://struts.apache.org/dtds/struts-2.5.dtd">

<struts>
	<constant value="true" name="struts.devMode" />
	<package name="dept" extends="struts-default">


		<action name="announce" class="com.announcement.action.AnnounceAction" method="announce">
			<result name="success">AnnouncementAdmin.jsp</result>
		
		</action>

		<action name="sends" class="com.announcement.action.AnnounceAction" method="send">
			<result name="success" type="redirect">/adminviews</result>
		</action>
		
		<action name="deletes" class="com.announcement.action.AnnounceAction" method="delete">
			<result name="success" type="redirect">/adminviews</result>
		</action>
		
		<action name="views" class="com.announcement.action.AnnounceAction" method="view">
		<result name="success">AnnouncementView.jsp</result>
		</action>
		
		<action name="adminviews" class="com.announcement.action.AnnounceAction" method="view">
		<result name="success">AdminView.jsp</result>
		</action>
	</package>

</struts>