<?xml version="1.0" encoding="UTF-8"?>
<!DOCTYPE struts PUBLIC
   "-//Apache Software Foundation//DTD Struts Configuration 2.5//EN"
   "https://struts.apache.org/dtds/struts-2.5.dtd">

<struts>
	<constant value="true" name="struts.devMode" />
	<package name="upload" extends="struts-default">

		<action name="loginoffice" class="com.login.LoginAction" method="login">
			

			<result name="A">Admin.jsp</result>
			<result name="E">Employee.jsp</result>
			<result name="error"></result>

		</action>

	</package>

</struts>