<?xml version="1.0" encoding="UTF-8"?>

<!DOCTYPE struts PUBLIC
   "-//Apache Software Foundation//DTD Struts Configuration 2.5//EN"
   "https://struts.apache.org/dtds/struts-2.5.dtd">

<struts>
	<constant value="true" name="struts.devMode" />
	<package name="default" extends="struts-default">
		
		<action name="profile" class="com.profile.action.ProfileAction" method="profile">
			<result name ="success">EmployeeProfile.jsp</result>
		</action>
		
		<action name="applyLeaves" class="com.profile.action.ProfileAction" method="applyLeave">
			<result name ="success">Leave.jsp</result>
		</action>
	</package>

</struts>