<?xml version="1.0" encoding="UTF-8"?>

<!DOCTYPE struts PUBLIC
   "-//Apache Software Foundation//DTD Struts Configuration 2.5//EN"
   "https://struts.apache.org/dtds/struts-2.5.dtd">

<struts>
	<constant value="true" name="struts.devMode" />
	<package name="default" extends="struts-default">

		<action name="Leave" class="com.leave.action.LeaveAction"
			method="leave">
			<result name="success">Leave.jsp</result>
		</action>

		<action name="ApplyLeave" class="com.leave.action.LeaveAction"
			method="leaveApply">
			<result name="success" type="redirectAction">

				<param name="namespace">/</param>
				<param name="actionName">LeaveStatus</param>
				<param name="empid">${model.empid}</param>
				<param name="username">${model.username}</param>
			</result>
			<result name="input">Leave.jsp</result>
		</action>


		<action name="LeaveStatus" class="com.leave.action.LeaveAction"
			method="leaveStatus">
			<result name="success">LeaveStatus.jsp</result>
		</action>

		<action name="LeaveAdmin" class="com.leave.action.LeaveAction"
			method="leaveAdmin">
			<result name="success">LeavesAdmin.jsp</result>
		</action>

		<action name="toapprove" class="com.leave.action.LeaveAction"
			method="toApprove">
			<result name="success" type="redirectAction">
				<param name="actionName">leaveData</param>
				<param name="actionMessage">${model.actionMessage}</param>
				<param name="empid">${model.empid}</param>
				<param name="usernames">${model.usernames}</param>
			</result>
		
		</action>
		
		
		<action name="todeny" class="com.leave.action.LeaveAction"
			method="toDeny">
			<result name="success" type="redirectAction">
				<param name="actionName">leaveData</param>
				<param name="actionMessage">${model.actionMessage}</param>
				<param name="empid">${model.empid}</param>
				<param name="usernames">${model.usernames}</param>
			</result>

		</action>
		
		
		<action name="leaveData" class="com.leave.action.LeaveAction"
			method="leaveDatas">
			<result name="success">LeaveDatas.jsp</result>
		</action>
		<action name="LeaveSearchPage" class="com.leave.action.LeaveAction"
			method="leaveSearchPage">
			<result name="success">LeaveSearch.jsp</result>
		</action>
		<action name="LeaveSearch" class="com.leave.action.LeaveAction"
			method="leaveSearch">
			<result name="success">LeaveDatas.jsp</result>
		</action>
		<action name="todelete" class="com.leave.action.LeaveAction"
			method="toDelete">
			<result name="success" type="redirectAction">

				<param name="namespace">/</param>
				<param name="actionName">LeaveStatus</param>
				<param name="empid">${model.empid}</param>
				<param name="username">${model.username}</param>
				<param name="actionMessage">${model.actionMessage}</param>
			</result>
		</action>
	</package>

</struts>