<?xml version="1.0" encoding="UTF-8"?>


<!-- struts.xml=>DEPARTMENT MODULE -->

<!DOCTYPE struts PUBLIC
   "-//Apache Software Foundation//DTD Struts Configuration 2.5//EN"
   "https://struts.apache.org/dtds/struts-2.5.dtd">

<struts>
	<constant value="true" name="struts.devMode" />
	<package name="dept" extends="struts-default">


		<action name="DeptAdd"
			class="com.department.action.DepartmentAction" method="addPage">
			<result name="success">AddEditDept.jsp</result>
		
		</action>

		<action name="DeptView"
			class="com.department.action.DepartmentAction" method="view">
			<result name="success">ViewDept.jsp</result>
		</action>

		<action name="DeptDelete"
			class="com.department.action.DepartmentAction" method="delete">
			<result name="success" type="redirect">DeptView</result>
		</action>
		<action name="toEditPage"
			class="com.department.action.DepartmentAction" method="editPage">
			<result name="success" >AddEditDept.jsp</result>
		</action>
		
			<action name="actionEmp" class="com.department.action.DepartmentAction" method="actionEmp">
			<result name="success" type="redirect">DeptView</result>
		</action>
			<action name="actionEmp2" class="com.department.action.DepartmentAction" method="actionEmp">
			<result name="success">AddEditDept.jsp</result>
		</action>
		
	</package>

</struts>