<?xml version="1.0" encoding="UTF-8"?>
<!DOCTYPE struts PUBLIC
   "-//Apache Software Foundation//DTD Struts Configuration 2.5//EN"
   "https://struts.apache.org/dtds/struts-2.5.dtd">

<struts>
	<constant value="true" name="struts.devMode" />
	<package name="admins" extends="struts-default">

		<action name="*">
			<result>AdminHome.jsp</result>
		</action>

		<action name="adminSearchPage"
			class="com.admin.action.AdminAction" method="home">
			<result name="success">AdminHome.jsp</result>
		</action>

		<action name="EmpADD" class="com.admin.action.AdminAction"
			method="addPage">
			<result name="success">EmpAddEdit.jsp</result>
		</action>
		<action name="actionEmp" class="com.admin.action.AdminAction"
			method="actionEmp">
			<result name="success">EmpAddEdit.jsp</result>
		</action>

		<action name="searchEmps" class="com.admin.action.AdminAction"
			method="search">
			<result name="success">SearchedEmp.jsp</result>
		</action>
		

	<action name="EmpDelete" class="com.admin.action.AdminAction" method="delete">
			 <result name="success" type="redirectAction">
			 <param name="namespace">/</param>
			 <param name="actionName">searchEmps</param>
   			 <param name="id">${model.empname}</param>
   			</result>
   			<result name="cannotDelete" type="redirect">searchEmps</result>
		</action> 
		
			<action name="toEditPage" class="com.admin.action.AdminAction" method="editPage">
			 <result name="success" >EmpAddEdit.jsp</result>
		</action> 
		
		
	</package>

</struts>